{"cameraMode":{"drawMode":0,"name":"Shaded","section":"Shading Mode"},"sceneLighting":false,"audioPlay":false,"sceneViewState":{"showFog":true,"showMaterialUpdate":false,"showSkybox":false,"showFlares":true,"showImageEffects":true,"showParticleSystems":true},"in2DMode":false,"pivot":{"x":0.5571980476379395,"y":-0.996432363986969,"z":-9.281380653381348},"rotation":{"x":0.17306533455848695,"y":0.7680150866508484,"z":-0.23278747498989106,"w":0.5709828734397888},"size":2.818570375442505,"orthographic":false}