{"cameraMode":{"drawMode":0,"name":"Shaded","section":"Shading Mode"},"sceneLighting":true,"audioPlay":false,"sceneViewState":{"showFog":true,"showMaterialUpdate":false,"showSkybox":false,"showFlares":true,"showImageEffects":true,"showParticleSystems":true},"in2DMode":false,"pivot":{"x":7.904047012329102,"y":8.551339149475098,"z":1.7343764305114747},"rotation":{"x":-0.09007635712623596,"y":-0.6917607188224793,"z":0.08762670308351517,"w":-0.711111307144165},"size":5.702933311462402,"orthographic":false}