{"cameraMode":{"drawMode":0,"name":"Shaded","section":"Shading Mode"},"sceneLighting":true,"audioPlay":false,"sceneViewState":{"showFog":true,"showMaterialUpdate":false,"showSkybox":true,"showFlares":true,"showImageEffects":true,"showParticleSystems":true},"in2DMode":false,"pivot":{"x":8.600855827331543,"y":4.481403827667236,"z":-3.45976185798645},"rotation":{"x":0.18603157997131349,"y":0.5869327783584595,"z":-0.1408359408378601,"w":0.7752857208251953},"size":2.177398920059204,"orthographic":false}