{"cameraMode":{"drawMode":0,"name":"Shaded","section":"Shading Mode"},"sceneLighting":true,"audioPlay":false,"sceneViewState":{"showFog":true,"showMaterialUpdate":false,"showSkybox":false,"showFlares":true,"showImageEffects":true,"showParticleSystems":true},"in2DMode":false,"pivot":{"x":6.8494873046875,"y":5.014071464538574,"z":1.7650880813598633},"rotation":{"x":0.14861629903316499,"y":0.7683461308479309,"z":-0.19292065501213075,"w":0.5918952822685242},"size":2.709017038345337,"orthographic":false}