{"cameraMode":{"drawMode":0,"name":"Shaded","section":"Shading Mode"},"sceneLighting":false,"audioPlay":false,"sceneViewState":{"showFog":true,"showMaterialUpdate":false,"showSkybox":false,"showFlares":true,"showImageEffects":true,"showParticleSystems":true},"in2DMode":false,"pivot":{"x":0.5223240256309509,"y":-1.3124252557754517,"z":-3.8475868701934816},"rotation":{"x":0.13348187506198884,"y":0.6801655292510986,"z":-0.1279902458190918,"w":0.7093496918678284},"size":0.7950388193130493,"orthographic":false}