{"cameraMode":{"drawMode":0,"name":"Shaded","section":"Shading Mode"},"sceneLighting":false,"audioPlay":false,"sceneViewState":{"showFog":true,"showMaterialUpdate":false,"showSkybox":false,"showFlares":true,"showImageEffects":true,"showParticleSystems":true},"in2DMode":false,"pivot":{"x":0.8112030029296875,"y":5.888092041015625,"z":-12.956177711486817},"rotation":{"x":-0.0018644845113158227,"y":0.9889163970947266,"z":-0.14794321358203889,"w":-0.012462835758924485},"size":6.514916896820068,"orthographic":false}