{"cameraMode":{"drawMode":0,"name":"Shaded","section":"Shading Mode"},"sceneLighting":false,"audioPlay":false,"sceneViewState":{"showFog":true,"showMaterialUpdate":false,"showSkybox":false,"showFlares":true,"showImageEffects":true,"showParticleSystems":true},"in2DMode":false,"pivot":{"x":0.6523603200912476,"y":-0.6619650721549988,"z":-5.98977518081665},"rotation":{"x":0.18158312141895295,"y":0.7118361592292786,"z":-0.19930754601955415,"w":0.6485331058502197},"size":1.73787522315979,"orthographic":false}