{"cameraMode":{"drawMode":0,"name":"Shaded","section":"Shading Mode"},"sceneLighting":true,"audioPlay":false,"sceneViewState":{"showFog":true,"showMaterialUpdate":false,"showSkybox":false,"showFlares":true,"showImageEffects":true,"showParticleSystems":true},"in2DMode":false,"pivot":{"x":-0.6242300868034363,"y":0.21595534682273866,"z":0.9962948560714722},"rotation":{"x":0.13348187506198884,"y":0.6801655292510986,"z":-0.1279902458190918,"w":0.7093496918678284},"size":1.7037572860717774,"orthographic":false}