{"cameraMode":{"drawMode":0,"name":"Shaded","section":"Shading Mode"},"sceneLighting":true,"audioPlay":false,"sceneViewState":{"showFog":true,"showMaterialUpdate":false,"showSkybox":true,"showFlares":true,"showImageEffects":true,"showParticleSystems":true},"in2DMode":false,"pivot":{"x":2.8053693771362306,"y":0.6986082196235657,"z":-3.8918557167053224},"rotation":{"x":0.1250499188899994,"y":0.6233206391334534,"z":-0.10187137126922608,"w":0.765153169631958},"size":3.5552306175231935,"orthographic":false}