{"cameraMode":{"drawMode":0,"name":"Shaded","section":"Shading Mode"},"sceneLighting":false,"audioPlay":false,"sceneViewState":{"showFog":true,"showMaterialUpdate":false,"showSkybox":false,"showFlares":true,"showImageEffects":true,"showParticleSystems":true},"in2DMode":false,"pivot":{"x":0.9839931130409241,"y":0.09199881553649903,"z":-5.574378967285156},"rotation":{"x":-0.06297417730093003,"y":-0.7277501225471497,"z":0.06743479520082474,"w":-0.679608166217804},"size":3.237874984741211,"orthographic":false}