{"cameraMode":{"drawMode":0,"name":"Shaded","section":"Shading Mode"},"sceneLighting":false,"audioPlay":false,"sceneViewState":{"showFog":true,"showMaterialUpdate":false,"showSkybox":false,"showFlares":true,"showImageEffects":true,"showParticleSystems":true},"in2DMode":false,"pivot":{"x":0.8717308044433594,"y":5.817516326904297,"z":-13.052131652832032},"rotation":{"x":0.007802753709256649,"y":0.9889681935310364,"z":-0.056432317942380908,"w":0.1367436796426773},"size":4.939211368560791,"orthographic":false}