{"cameraMode":{"drawMode":0,"name":"Shaded","section":"Shading Mode"},"sceneLighting":true,"audioPlay":false,"sceneViewState":{"showFog":true,"showMaterialUpdate":false,"showSkybox":false,"showFlares":true,"showImageEffects":true,"showParticleSystems":true},"in2DMode":false,"pivot":{"x":0.32708120346069338,"y":2.7118210792541506,"z":1.5520139932632447},"rotation":{"x":-0.08415336906909943,"y":0.33262497186660769,"z":0.029815517365932466,"w":0.9388236999511719},"size":9.876415252685547,"orthographic":false}