{"cameraMode":{"drawMode":0,"name":"Shaded","section":"Shading Mode"},"sceneLighting":false,"audioPlay":false,"sceneViewState":{"showFog":true,"showMaterialUpdate":false,"showSkybox":false,"showFlares":true,"showImageEffects":true,"showParticleSystems":true},"in2DMode":false,"pivot":{"x":4.22757625579834,"y":-1.9869999885559083,"z":2.303999900817871},"rotation":{"x":-0.1068410724401474,"y":-0.6959778666496277,"z":0.10589421540498734,"w":-0.7021390199661255},"size":0.1560804396867752,"orthographic":false}