{"cameraMode":{"drawMode":0,"name":"Shaded","section":"Shading Mode"},"sceneLighting":false,"audioPlay":false,"sceneViewState":{"showFog":true,"showMaterialUpdate":false,"showSkybox":false,"showFlares":true,"showImageEffects":true,"showParticleSystems":true},"in2DMode":false,"pivot":{"x":4.246576309204102,"y":-2.3510000705718996,"z":2.299999952316284},"rotation":{"x":0.043934423476457599,"y":0.7082688212394714,"z":-0.044251978397369388,"w":0.7031849026679993},"size":0.1560804396867752,"orthographic":false}