{"cameraMode":{"drawMode":0,"name":"Shaded","section":"Shading Mode"},"sceneLighting":true,"audioPlay":false,"sceneViewState":{"showFog":true,"showMaterialUpdate":false,"showSkybox":true,"showFlares":true,"showImageEffects":true,"showParticleSystems":true},"in2DMode":false,"pivot":{"x":10.501259803771973,"y":2.9292218685150148,"z":-5.600732803344727},"rotation":{"x":0.12658916413784028,"y":0.820422351360321,"z":-0.1994672268629074,"w":0.5206709504127502},"size":2.5700018405914308,"orthographic":false}