{"cameraMode":{"drawMode":0,"name":"Shaded","section":"Shading Mode"},"sceneLighting":false,"audioPlay":false,"sceneViewState":{"showFog":true,"showMaterialUpdate":false,"showSkybox":false,"showFlares":true,"showImageEffects":true,"showParticleSystems":true},"in2DMode":false,"pivot":{"x":-0.013991713523864746,"y":2.3815245628356935,"z":-6.675576210021973},"rotation":{"x":0.004427843727171421,"y":0.9825654625892639,"z":-0.1843855232000351,"w":0.023586098104715349},"size":1.590381383895874,"orthographic":false}